id,source,target,year,month,day,mode,companions,notes
100001,home_axe_yard,exeter_house_chapel,1659/60,1,1,walk,,
100002,exeter_house_chapel,home_axe_yard,1659/60,1,1,walk,,
100003,home_axe_yard,john_pepys_house,1659/60,1,1,walk,Elizabeth Pepys,
100004,john_pepys_house,turner_house,1659/60,1,1,walk,Elizabeth Pepys; Theophila Turner; Madam Morrice,
100005,turner_house,home_axe_yard,1659/60,1,1,walk,Elizabeth Pepys,
100006,home_axe_yard,sandwich_lodgings,1659/60,1,2,walk,,
100007,sandwich_lodgings,lestrange_calthorpe_chamber,1659/60,1,2,walk,,
100008,lestrange_calthorpe_chamber,john_crews_house,1659/60,1,2,walk,,
100009,john_crews_house,office_exchequer,1659/60,1,2,walk,,
100010,office_exchequer,westminster_hall,1659/60,1,2,walk,,
100011,westminster_hall,home_axe_yard,1659/60,1,2,walk,,
100012,home_axe_yard,john_crews_house,1659/60,1,2,walk,,
100013,john_crews_house,the_new_market,1659/60,1,2,walk,Mr Moore; unknown man,
100014,the_new_market,fleet_street,1659/60,1,2,walk,Mr Moore,
100015,fleet_street,lestrange_calthorpe_chamber,1659/60,1,2,walk,,
100016,lestrange_calthorpe_chamber,john_crews_house,1659/60,1,2,walk,,
100017,john_crews_house,sandwich_lodgings,1659/60,1,2,walk,,
100018,sandwich_lodgings,home_axe_yard,1659/60,1,2,walk,,
100019,home_axe_yard,wills_alehouse,1659/60,1,2,walk,,
100020,wills_alehouse,home_axe_yard,1659/60,1,2,walk,,
100021,home_axe_yard,turner_house,1659/60,1,3,walk,,
100022,turner_house,lestrange_calthorpe_chamber,1659/60,1,3,walk,,
100023,lestrange_calthorpe_chamber,office_exchequer,1659/60,1,3,walk,,
100024,office_exchequer,home_axe_yard,1659/60,1,3,walk,,
100025,home_axe_yard,sandwich_lodgings,1659/60,1,3,walk,Jemimah Montagu,
100026,sandwich_lodgings,lestrange_calthorpe_chamber,1659/60,1,3,walk,Mr Hawly,
100027,lestrange_calthorpe_chamber,whitehall_palace,1659/60,1,3,walk,,
100028,whitehall_palace,home_axe_yard,1659/60,1,3,walk,,
100029,home_axe_yard,office_exchequer,1659/60,1,4,walk,Mr Vanley's man,
100030,office_exchequer,westminster_hall,1659/60,1,4,walk,,
100031,westminster_hall,wills_alehouse,1659/60,1,4,walk,,
100032,wills_alehouse,westminster_hall,1659/60,1,4,walk,,
100033,westminster_hall,swan_inn,1659/60,1,4,walk,Clerk of Sandwich Troop; Quartermaster of Sandwich Troop,
100034,swan_inn,home_axe_yard,1659/60,1,4,walk,,
100035,home_axe_yard,wills_alehouse,1659/60,1,4,walk,,
100036,wills_alehouse,westminster_hall,1659/60,1,4,walk,,
100037,westminster_hall,wills_alehouse,1659/60,1,4,walk,,
100038,wills_alehouse,george_vines_house,1659/60,1,4,walk,,
100039,george_vines_house,john_hunt_house,1659/60,1,4,walk,,
100040,john_hunt_house,home_axe_yard,1659/60,1,4,walk,,
100041,home_axe_yard,office_exchequer,1659/60,1,5,walk,,
100042,office_exchequer,sandwich_lodgings,1659/60,1,5,walk,,
100043,sandwich_lodgings,office_exchequer,1659/60,1,5,walk,,
100044,office_exchequer,home_axe_yard,1659/60,1,5,walk,,
100045,home_axe_yard,sandwich_lodgings,1659/60,1,5,walk,Elizabeth Pepys,
100046,sandwich_lodgings,valentine_fage_house,1659/60,1,5,walk,,
100047,valentine_fage_house,john_pepys_house,1659/60,1,5,walk,,
100048,john_pepys_house,sandwich_lodgings,1659/60,1,5,walk,,
100049,sandwich_lodgings,home_axe_yard,1659/60,1,5,walk,Elizabeth Pepys; Mrs Sheply,
100050,home_axe_yard,harpers_tavern,1659/60,1,6,walk,John Pepys,
100051,harpers_tavern,office_exchequer,1659/60,1,6,walk,,
100052,office_exchequer,home_axe_yard,1659/60,1,6,walk,,
100053,home_axe_yard,thomas_pepys_house,1659/60,1,6,walk,Elizabeth Pepys,
100054,thomas_pepys_house,stradwick_house,1659/60,1,6,walk,,
100055,stradwick_house,george_vines_house,1659/60,1,6,walk,,
100056,george_vines_house,home_axe_yard,1659/60,1,6,walk,,
100057,home_axe_yard,stradwick_house,1659/60,1,6,walk,Jane Birch,
100058,stradwick_house,home_axe_yard,1659/60,1,6,walk,Elizabeth Pepys; Jane Birch,
100059,home_axe_yard,office_exchequer,1659/60,1,7,walk,,
100060,office_exchequer,home_axe_yard,1659/60,1,7,walk,Jane Turner; Theophila Turner; Madame Morris; Joyce Norton,
100061,home_axe_yard,george_downings_lodgings,1659/60,1,7,walk,,
100062,george_downings_lodgings,home_axe_yard,1659/60,1,7,walk,,
100063,home_axe_yard,dr_hoares_house,1659/60,1,7,walk,Mr Hawley; Jane Turner; Theophila Turner; Madame Morris; Joyce Norton,
100064,dr_hoares_house,sandwich_lodgings,1659/60,1,7,walk,,
100065,sandwich_lodgings,home_axe_yard,1659/60,1,7,walk,Elizabeth Pepys,
100066,home_axe_yard,exeter_house_chapel,1659/60,1,8,walk,,
100067,exeter_house_chapel,john_pepys_house,1659/60,1,8,walk,,
100068,john_pepys_house,robert_mossum_church,1659/60,1,8,walk,Elizabeth Pepys,
100069,robert_mossum_church,turner_house,1659/60,1,8,walk,,
100070,turner_house,john_pepys_house,1659/60,1,8,walk,,
100071,john_pepys_house,home_axe_yard,1659/60,1,8,walk,Elizabeth Pepys; Mr Shepley,
100072,home_axe_yard,harpers_tavern,1659/60,1,9,walk,William Symons; Henry Muddiman; Jack Price,
100073,harpers_tavern,turks_head_coffee_house,1659/60,1,9,walk,Henry Muddiman,
100074,turks_head_coffee_house,westminster_hall,1659/60,1,9,walk,,
100075,westminster_hall,home_axe_yard,1659/60,1,9,walk,Clerk of Sandwich Troop; Quartermaster of Sandwich Troop,
100076,home_axe_yard,alehouse_unknown_1,1659/60,1,10,walk,Ralph Greatorex,
100077,alehouse_unknown_1,john_crews_house,1659/60,1,10,walk,,
100078,john_crews_house,office_exchequer,1659/60,1,10,walk,,
100079,office_exchequer,westminster_hall,1659/60,1,10,walk,,
100080,westminster_hall,cookshop_unknown_1,1659/60,1,10,walk,Quartermaster of Sandwich Troop; Mr Jennings; Captain William Rider,
100081,cookshop_unknown_1,city_of_london,1659/60,1,10,walk,Mr Jennings,
100082,city_of_london,star_tavern,1659/60,1,10,walk,Mr Jennings,
100083,star_tavern,turks_head_coffee_house,1659/60,1,10,walk,,
100084,turks_head_coffee_house,mother_lams_pub,1659/60,1,10,walk,Thomas Doling,
100085,mother_lams_pub,home_axe_yard,1659/60,1,10,walk,,
100086,home_axe_yard,harpers_tavern,1659/60,1,10,walk,,
100087,harpers_tavern,home_axe_yard,1659/60,1,10,walk,,
100088,home_axe_yard,office_exchequer,1659/60,1,11,walk,,
100089,office_exchequer,wills_alehouse,1659/60,1,11,walk,Captain Richard Barker,
100090,wills_alehouse,william_joyce_house,1659/60,1,11,walk,John Pepys,
100091,william_joyce_house,john_crews_house,1659/60,1,11,walk,,
100092,john_crews_house,william_joyce_house,1659/60,1,11,walk,,
100093,william_joyce_house,alehouse_unknown_2,1659/60,1,11,walk,John Pepys,
100094,alehouse_unknown_2,tower_menagerie,1659/60,1,11,walk,,
100095,tower_menagerie,mr_stevens_house,1659/60,1,11,walk,,
100096,mr_stevens_house,home_axe_yard,1659/60,1,11,walk,,
100097,home_axe_yard,sandwich_lodgings,1659/60,1,11,walk,,
100098,sandwich_lodgings,home_axe_yard,1659/60,1,11,walk,,
100099,home_axe_yard,coffee_house_unknown_1,1659/60,1,11,walk,,
100100,coffee_house_unknown_1,home_axe_yard,1659/60,1,11,walk,,
100101,home_axe_yard,harpers_tavern,1659/60,1,12,walk,,
100102,harpers_tavern,office_exchequer,1659/60,1,12,walk,,
100103,office_exchequer,wills_alehouse,1659/60,1,12,walk,,
100104,wills_alehouse,home_axe_yard,1659/60,1,12,walk,,
100105,home_axe_yard,the_half_moon_alehouse,1659/60,1,12,walk,,
100106,the_half_moon_alehouse,home_axe_yard,1659/60,1,12,walk,,
100107,home_axe_yard,office_exchequer,1659/60,1,13,walk,,
100108,office_exchequer,swan_inn,1659/60,1,13,walk,Mr Fage,
100109,swan_inn,office_exchequer,1659/60,1,13,walk,,
100110,office_exchequer,wills_alehouse,1659/60,1,13,walk,Mr Pinkney,
100111,wills_alehouse,home_axe_yard,1659/60,1,13,walk,,
100112,home_axe_yard,thomas_wade_house,1659/60,1,13,walk,Elizabeth Pepys,
100113,thomas_wade_house,kate_petit_house,1659/60,1,13,walk,Elizabeth Pepys,
100114,kate_petit_house,home_axe_yard,1659/60,1,13,walk,,
100115,home_axe_yard,whitehall_palace,1659/60,1,13,walk,Elizabeth Pepys,
100116,whitehall_palace,home_axe_yard,1659/60,1,13,walk,,
100294,home_axe_yard,sandwich_lodgings,1659/60,1,13,walk,,"""Thence I went to Mrs. Jem"""
100117,sandwich_lodgings,george_vines_house,1659/60,1,13,walk,,
100118,george_vines_house,home_axe_yard,1659/60,1,13,walk,,
100119,home_axe_yard,office_exchequer,1659/60,1,14,walk,,
100120,office_exchequer,westminster_hall,1659/60,1,14,walk,,
100121,westminster_hall,home_axe_yard,1659/60,1,14,walk,,
100122,home_axe_yard,market_unknown_1,1659/60,1,14,walk,Elizabeth Pepys,
100123,market_unknown_1,turks_head_coffee_house,1659/60,1,14,walk,,
100124,turks_head_coffee_house,home_axe_yard,1659/60,1,14,walk,,
100125,home_axe_yard,john_crews_house,1659/60,1,16,walk,,
100126,john_crews_house,alehouse_unknown_3,1659/60,1,16,walk,,
100127,alehouse_unknown_3,office_exchequer,1659/60,1,16,walk,,
100128,office_exchequer,salisbury_court,1659/60,1,16,coach,Harry Ethall; Thomas Mallard,
100129,salisbury_court,parish_clerks_hall,1659/60,1,16,walk,Harry Ethall,
100130,parish_clerks_hall,green_dragon_pub,1659/60,1,16,walk,,
100131,green_dragon_pub,golden_lion_pub,1659/60,1,16,walk,Mr Sheply; Mr Harrison,
100132,golden_lion_pub,home_axe_yard,1659/60,1,16,walk,,
100133,home_axe_yard,john_crews_house,1659/60,1,17,walk,,
100134,john_crews_house,home_axe_yard,1659/60,1,17,coach,Edward Montagu; John Crew,
100135,home_axe_yard,westminster_hall,1659/60,1,17,walk,Edward Montagu,
100136,westminster_hall,wills_alehouse,1659/60,1,17,walk,Mr Woodfine,
100137,wills_alehouse,home_axe_yard,1659/60,1,17,walk,Edward Montagu,
100138,home_axe_yard,twickenham,1659/60,1,17,coach,Edward Montagu; Elizabeth Pepys,
100139,twickenham,william_fuller_lodging,1659/60,1,17,coach,Edward Montagu; Elizabeth Pepys,
100140,william_fuller_lodging,brentford,1659/60,1,17,coach,Elizabeth Pepys,
100141,brentford,john_crews_house,1659/60,1,17,coach,,
100142,john_crews_house,sandwich_lodgings,1659/60,1,17,walk,,
100143,sandwich_lodgings,turks_head_coffee_house,1659/60,1,17,walk,,
100144,turks_head_coffee_house,westminster_hall,1659/60,1,17,walk,,
100145,westminster_hall,home_axe_yard,1659/60,1,17,walk,,
100146,home_axe_yard,whitehall_palace,1659/60,1,17,walk,,
100147,whitehall_palace,harpers_tavern,1659/60,1,17,walk,,
100148,harpers_tavern,home_axe_yard,1659/60,1,17,walk,,
100149,home_axe_yard,office_exchequer,1659/60,1,18,walk,,
100150,office_exchequer,wills_alehouse,1659/60,1,18,walk,,
100151,wills_alehouse,home_axe_yard,1659/60,1,18,walk,,
100152,home_axe_yard,wilkinsons_cookshop,1659/60,1,18,walk,,
100153,wilkinsons_cookshop,sandwich_lodgings,1659/60,1,18,walk,Mr Talbot; Henry Adams; George Pinkney; William Fuller,
100154,sandwich_lodgings,home_axe_yard,1659/60,1,18,walk,,
100155,home_axe_yard,sandwich_lodgings,1659/60,1,18,walk,,
100156,sandwich_lodgings,john_crews_house,1659/60,1,18,walk,,
100157,john_crews_house,home_axe_yard,1659/60,1,18,walk,,
100158,home_axe_yard,george_downings_lodgings,1659/60,1,19,walk,Mr Sheply,
100159,george_downings_lodgings,harp_and_ball_tavern,1659/60,1,19,walk,Mr Sheply; James Pearse,
100160,harp_and_ball_tavern,whitehall_palace,1659/60,1,19,walk,Mr Sheply; James Pearse,
100161,whitehall_palace,george_downings_lodgings,1659/60,1,19,walk,,
100162,george_downings_lodgings,office_exchequer,1659/60,1,19,walk,,
100163,office_exchequer,sandwich_lodgings,1659/60,1,19,walk,Mr Sheply; Henry Moore,
100164,sandwich_lodgings,french_ordinary,1659/60,1,19,walk,Henry Moore,
100165,french_ordinary,james_marsh_lodgings,1659/60,1,19,walk,,
100166,james_marsh_lodgings,home_axe_yard,1659/60,1,19,walk,,
100167,home_axe_yard,george_downings_lodgings,1659/60,1,20,walk,,
100168,george_downings_lodgings,lestrange_calthorpe_chamber,1659/60,1,20,walk,,
100169,lestrange_calthorpe_chamber,the_sun_tavern,1659/60,1,20,walk,Mr Woodfine,
100170,the_sun_tavern,westminster_hall,1659/60,1,20,walk,,
100171,westminster_hall,office_exchequer,1659/60,1,20,walk,,
100172,office_exchequer,the_swan_pub,1659/60,1,20,walk,Thomas Mallard; Thomas Hailes,
100173,the_swan_pub,coffee_house_unknown_2,1659/60,1,20,walk,,
100174,coffee_house_unknown_2,westminster_hall,1659/60,1,20,walk,,
100175,westminster_hall,mr_sheply_lodgings,1659/60,1,20,walk,,
100176,mr_sheply_lodgings,home_axe_yard,1659/60,1,20,walk,Mr Sheply,
100177,home_axe_yard,sandwich_lodgings,1659/60,1,21,walk,,
100178,sandwich_lodgings,office_exchequer,1659/60,1,21,walk,,
100179,office_exchequer,george_downings_lodgings,1659/60,1,21,walk,,
100180,george_downings_lodgings,office_exchequer,1659/60,1,21,walk,,
100181,office_exchequer,john_crews_house,1659/60,1,21,walk,John Hawley,
100182,john_crews_house,mr_vernon_lodging,1659/60,1,21,walk,John Hawley,
100183,mr_vernon_lodging,valentine_fage_house,1659/60,1,21,walk,John Hawley,
100184,valentine_fage_house,mitre_tavern,1659/60,1,21,walk,John Hawley,
100185,mitre_tavern,sandwich_lodgings,1659/60,1,21,walk,,
100186,sandwich_lodgings,home_axe_yard,1659/60,1,21,walk,,
100187,home_axe_yard,james_marsh_lodgings,1659/60,1,21,walk,,
100188,james_marsh_lodgings,clerks_room_whitehall,1659/60,1,21,walk,,
100189,clerks_room_whitehall,home_axe_yard,1659/60,1,21,walk,,
100190,home_axe_yard,robert_mossum_church,1659/60,1,22,walk,,
100191,robert_mossum_church,john_pepys_house,1659/60,1,22,walk,Elizabeth Pepys,
100192,john_pepys_house,st_brides_church,1659/60,1,22,walk,,
100193,st_brides_church,turner_house,1659/60,1,22,walk,Jane Turner,
100194,turner_house,john_pepys_house,1659/60,1,22,walk,Jane Turner,
100195,john_pepys_house,home_axe_yard,1659/60,1,22,walk,,
100196,home_axe_yard,george_downings_lodgings,1659/60,1,23,walk,,
100197,george_downings_lodgings,axe_brewhouse,1659/60,1,23,walk,James Pearse,
100198,axe_brewhouse,office_exchequer,1659/60,1,23,walk,,
100199,office_exchequer,home_axe_yard,1659/60,1,23,walk,,
100200,home_axe_yard,wilkinsons_cookshop,1659/60,1,23,walk,,
100201,wilkinsons_cookshop,home_axe_yard,1659/60,1,23,walk,,
100202,home_axe_yard,the_sun_tavern,1659/60,1,23,walk,,
100203,the_sun_tavern,sandwich_lodgings,1659/60,1,23,walk,,
100204,sandwich_lodgings,westminster_hall,1659/60,1,23,walk,,
100205,westminster_hall,stone_gallery_whitehall,1659/60,1,23,walk,,
100206,stone_gallery_whitehall,clerks_room_whitehall,1659/60,1,23,walk,,
100207,clerks_room_whitehall,cockpit_whitehall,1659/60,1,23,walk,William Symons; Peter Llewellyn,
100208,cockpit_whitehall,home_axe_yard,1659/60,1,23,walk,,
100209,home_axe_yard,office_exchequer,1659/60,1,24,walk,,
100210,office_exchequer,wills_alehouse,1659/60,1,24,walk,,
100211,wills_alehouse,office_exchequer,1659/60,1,24,walk,,
100212,office_exchequer,home_axe_yard,1659/60,1,24,walk,,
100213,home_axe_yard,james_pearse_house,1659/60,1,24,walk,Elizabeth Pepys,
100214,james_pearse_house,john_pepys_house,1659/60,1,24,walk,Elizabeth Pepys,
100215,john_pepys_house,thomas_pepys_shop,1659/60,1,24,walk,John Pepys,
100216,thomas_pepys_shop,john_pepys_house,1659/60,1,24,walk,John Pepys,
100217,john_pepys_house,home_axe_yard,1659/60,1,24,walk,Elizabeth Pepys,
100218,home_axe_yard,james_marsh_lodgings,1659/60,1,24,walk,,
100219,james_marsh_lodgings,home_axe_yard,1659/60,1,24,walk,,
100220,home_axe_yard,george_downings_lodgings,1659/60,1,25,walk,,
100221,george_downings_lodgings,office_exchequer,1659/60,1,25,walk,,
100222,office_exchequer,home_axe_yard,1659/60,1,25,walk,,
100223,home_axe_yard,william_wight_house,1659/60,1,25,walk,,
100224,william_wight_house,home_axe_yard,1659/60,1,25,walk,,
100225,home_axe_yard,st_pauls_churchyard,1659/60,1,25,walk,,
100226,st_pauls_churchyard,john_pepys_house,1659/60,1,25,walk,,
100227,john_pepys_house,john_crews_house,1659/60,1,25,walk,,
100228,john_crews_house,sandwich_lodgings,1659/60,1,25,walk,,
100229,sandwich_lodgings,george_downings_lodgings,1659/60,1,25,walk,,
100230,george_downings_lodgings,william_jessop_lodging,1659/60,1,25,walk,,
100231,william_jessop_lodging,sandwich_lodgings,1659/60,1,25,walk,,
100232,sandwich_lodgings,home_axe_yard,1659/60,1,25,walk,Elizabeth Pepys,
100233,home_axe_yard,office_exchequer,1659/60,1,26,walk,,
100234,office_exchequer,george_downings_lodgings,1659/60,1,26,walk,,
100235,george_downings_lodgings,whitehall_palace,1659/60,1,26,walk,,
100236,whitehall_palace,office_exchequer,1659/60,1,26,walk,,
100237,office_exchequer,home_axe_yard,1659/60,1,26,walk,,
100238,home_axe_yard,sandwich_lodgings,1659/60,1,26,walk,,
100239,sandwich_lodgings,george_downings_lodgings,1659/60,1,26,walk,,
100240,george_downings_lodgings,sandwich_lodgings,1659/60,1,26,walk,,
100241,sandwich_lodgings,home_axe_yard,1659/60,1,26,walk,Elizabeth Pepys,
100242,home_axe_yard,office_exchequer,1659/60,1,27,walk,,
100243,office_exchequer,crown_pub,1659/60,1,27,walk,Tom Newton,
100244,crown_pub,westminster_hall,1659/60,1,27,walk,,
100245,westminster_hall,george_montagu_house,1659/60,1,27,walk,,
100246,george_montagu_house,home_axe_yard,1659/60,1,27,walk,,
100247,home_axe_yard,sandwich_lodgings,1659/60,1,27,walk,,
100248,sandwich_lodgings,home_axe_yard,1659/60,1,27,walk,,
100249,home_axe_yard,george_downings_lodgings,1659/60,1,27,walk,,
100250,george_downings_lodgings,richard_sherwin_office,1659/60,1,27,walk,,
100251,richard_sherwin_office,george_downings_lodgings,1659/60,1,27,walk,,
100252,george_downings_lodgings,home_axe_yard,1659/60,1,27,walk,,Unclear if Downing is at office or lodging
100253,home_axe_yard,george_downings_lodgings,1659/60,1,28,walk,,
100254,george_downings_lodgings,office_exchequer,1659/60,1,28,walk,,
100255,office_exchequer,george_downings_lodgings,1659/60,1,28,walk,,
100256,george_downings_lodgings,office_exchequer,1659/60,1,28,walk,,
100257,office_exchequer,george_downings_lodgings,1659/60,1,28,coach,John Hawley; Arthur Squibb,
100258,george_downings_lodgings,westminster_hall,1659/60,1,28,walk,,
100259,westminster_hall,royal_exchange,1659/60,1,28,walk,,
100260,royal_exchange,heaven_alehouse,1659/60,1,28,walk,,
100261,heaven_alehouse,office_exchequer,1659/60,1,28,walk,,
100262,office_exchequer,st_clements_church,1659/60,1,28,coach,Mr Walton,
100263,st_clements_church,john_crews_house,1659/60,1,28,walk,,
100264,john_crews_house,wright_house,1659/60,1,28,walk,,
100265,wright_house,home_axe_yard,1659/60,1,28,walk,,
100266,home_axe_yard,wills_alehouse,1659/60,1,28,walk,,
100267,wills_alehouse,home_axe_yard,1659/60,1,28,walk,,
100268,home_axe_yard,whitehall_palace,1659/60,1,28,walk,,
100269,whitehall_palace,home_axe_yard,1659/60,1,28,walk,,
100270,home_axe_yard,peter_gunning_church,1659/60,1,29,walk,,
100271,peter_gunning_church,john_crews_house,1659/60,1,29,walk,Henry Moore,
100272,john_crews_house,home_axe_yard,1659/60,1,29,walk,,
100273,home_axe_yard,john_pepys_house,1659/60,1,29,walk,,
100274,john_pepys_house,home_axe_yard,1659/60,1,29,walk,,
100275,home_axe_yard,office_exchequer,1659/60,1,30,walk,,
100276,office_exchequer,wills_alehouse,1659/60,1,30,walk,Thomas Ruddiard,
100277,wills_alehouse,mr_torriano_house,1659/60,1,30,walk,,
100278,mr_torriano_house,richard_matthews_house,1659/60,1,30,walk,,
100279,richard_matthews_house,home_axe_yard,1659/60,1,30,boat,,
100280,home_axe_yard,sandwich_lodgings,1659/60,1,30,walk,,
100281,sandwich_lodgings,harp_and_ball_tavern,1659/60,1,30,walk,,
100282,harp_and_ball_tavern,home_axe_yard,1659/60,1,30,walk,,
100283,home_axe_yard,sandwich_lodgings,1659/60,1,31,walk,,
100284,sandwich_lodgings,harpers_tavern,1659/60,1,31,walk,Nick Bartlet,
100285,harpers_tavern,office_exchequer,1659/60,1,31,walk,,
100286,office_exchequer,wills_alehouse,1659/60,1,31,walk,,
100287,wills_alehouse,home_axe_yard,1659/60,1,31,walk,,
100288,home_axe_yard,star_chamber_westminster,1659/60,1,31,walk,,
100289,star_chamber_westminster,wills_alehouse,1659/60,1,31,walk,,
100290,wills_alehouse,sandwich_lodgings,1659/60,1,31,walk,,
100291,sandwich_lodgings,home_axe_yard,1659/60,1,31,walk,,
100292,home_axe_yard,harpers_tavern,1659/60,1,31,walk,,
100293,harpers_tavern,home_axe_yard,1659/60,1,31,walk,,
100295,home_axe_yard,office_exchequer,1659/60,2,1,walk,,
100296,office_exchequer,home_axe_yard,1659/60,2,1,walk,,
100297,home_axe_yard,westminster_hall,1659/60,2,1,walk,,
100298,westminster_hall,downings_counsellor_chamber,1659/60,2,1,walk,William Swan,
100299,downings_counsellor_chamber,lincolns_inn,1659/60,2,1,walk,William Swan,
100300,lincolns_inn,wright_house,1659/60,2,1,walk,,"""Sir Harry Wright's"""
100301,wright_house,sandwich_lodgings,1659/60,2,1,walk,,
100302,sandwich_lodgings,home_axe_yard,1659/60,2,1,walk,,
100303,home_axe_yard,sandwich_lodgings,1659/60,2,1,walk,Gammer East; James the porter,"""took Gammer East, and James the porter, a soldier, to my Lord's lodgings"""
100304,sandwich_lodgings,wills_alehouse,1659/60,2,1,walk,,
100305,wills_alehouse,home_axe_yard,1659/60,2,1,walk,,
100306,home_axe_yard,harpers_tavern,1659/60,2,2,walk,,
100307,harpers_tavern,office_exchequer,1659/60,2,2,walk,,
100308,office_exchequer,home_axe_yard,1659/60,2,2,walk,,
100309,home_axe_yard,harpers_tavern,1659/60,2,2,walk,,
100310,harpers_tavern,chequers_inn,1659/60,2,2,walk,Thomas Doling; Peter Llewellyn,Luellin met on the way
100311,chequers_inn,lestrange_calthorpe_chamber,1659/60,2,2,walk,Thomas Doling,
100312,lestrange_calthorpe_chamber,edward_calthrop_grocer,1659/60,2,2,boat,Thomas Doling; Edward Calthorpe; Mr White,waterman White
100313,edward_calthrop_grocer,bridge_tavern,1659/60,2,2,walk,Thomas Doling; Edward Calthorpe,
100482,bridge_tavern,the_temple,1659/60,2,2,boat,Thomas Doling; Edward Calthorpe,
100314,the_temple,the_strand,1659/60,2,2,boat,Thomas Doling,"""over against Somerset House, hearing the noise of guns, we landed"""
100315,the_strand,mrs_johnson_house,1659/60,2,2,walk,Thomas Doling,
100316,mrs_johnson_house,home_axe_yard,1659/60,2,2,walk,,"""went home on foot"""
100317,home_axe_yard,harpers_tavern,1659/60,2,2,walk,,
100318,harpers_tavern,home_axe_yard,1659/60,2,2,walk,,
100319,home_axe_yard,harpers_tavern,1659/60,2,3,walk,,
100320,harpers_tavern,st_james_park,1659/60,2,3,walk,,
100321,st_james_park,guard_chamber_whitehall,1659/60,2,3,walk,,
100322,guard_chamber_whitehall,office_exchequer,1659/60,2,3,walk,,
100323,office_exchequer,westminster_hall,1659/60,2,3,walk,Jane Turner; Joyce Norton,"""shewed them the manner of the Houses sitting"""
100325,westminster_hall,priors_rhenish_wine_house,1659/60,2,3,walk,Jane Turner; Joyce Norton; Roger Pepys,
100326,priors_rhenish_wine_house,wilkinsons_cookshop,1659/60,2,3,walk,Jane Turner; Joyce Norton,
100327,wilkinsons_cookshop,whitehall_palace,1659/60,2,3,walk,Jane Turner; Joyce Norton,
100328,whitehall_palace,home_axe_yard,1659/60,2,3,walk,Jane Turner; Joyce Norton,
100329,home_axe_yard,palace_yard_westminster,1659/60,2,3,walk,,"""went to hear news"""
100330,palace_yard_westminster,home_axe_yard,1659/60,2,3,walk,,"""I returned"""
100331,home_axe_yard,st_james_park,1659/60,2,3,walk,Elizabeth Pepys; Jane Turner; Joyce Norton; Theophila Turner,
100332,st_james_park,charing_cross,1659/60,2,3,walk,Elizabeth Pepys; Jane Turner; Joyce Norton; Theophila Turner,"""I set them as far as Charing Cross, and there left them and my wife"""
100333,charing_cross,sandwich_lodgings,1659/60,2,3,walk,,"""I went to see Mrs. Ann"" - Mrs Ann taken to be at my Lord's lodgings, cf. 1 Feb"
100334,sandwich_lodgings,home_axe_yard,1659/60,2,3,walk,,
100335,home_axe_yard,office_exchequer,1659/60,2,4,walk,,
100336,office_exchequer,westminster_hall,1659/60,2,4,walk,,
100337,westminster_hall,wills_alehouse,1659/60,2,4,walk,William Swan; Captain Stone,
100338,wills_alehouse,william_swan_house,1659/60,2,4,walk,William Swan,
100339,william_swan_house,stephens_chamber_temple,1659/60,2,4,boat,William Swan,"""took him out by water to the Counsellor at the Temple"""
100340,stephens_chamber_temple,grays_inn,1659/60,2,4,walk,William Swan,
100341,grays_inn,alehouse_unknown_4,1659/60,2,4,walk,William Swan; unknown man,acquaintance of Sotherton Ellis
100342,alehouse_unknown_4,thomas_widdrington_house,1659/60,2,4,walk,William Swan,"""leaving Swan at his master's, my Lord Widdrington"""
100343,thomas_widdrington_house,lincolns_inn,1659/60,2,4,walk,,"""I met with Spicer, Washington, and D. Vines in Lincoln's Inn Court"""
100344,lincolns_inn,john_crews_house,1659/60,2,4,walk,,"""to Mrs. Crew's"""
100345,john_crews_house,wright_house,1659/60,2,4,walk,,"""Sir Harry Wright's"""
100346,wright_house,scott_house,1659/60,2,4,walk,link boy,
100347,scott_house,home_axe_yard,1659/60,2,4,walk,,
100348,home_axe_yard,exeter_house_chapel,1659/60,2,5,walk,,"""to Mr. Gunning"" - see DECISIONS.md open question 1"
100349,exeter_house_chapel,home_axe_yard,1659/60,2,5,walk,,
100350,home_axe_yard,chequers_inn,1659/60,2,5,walk,,"""I returned and called at the Chequers"""
100351,chequers_inn,john_pepys_house,1659/60,2,5,walk,,
100352,john_pepys_house,st_brides_church,1659/60,2,5,walk,Elizabeth Pepys,"""To their church in the afternoon"""
100353,st_brides_church,turner_house,1659/60,2,5,walk,Elizabeth Pepys; Jane Turner,
100354,turner_house,john_pepys_house,1659/60,2,5,walk,Elizabeth Pepys,
100355,john_pepys_house,home_axe_yard,1659/60,2,5,walk,Elizabeth Pepys,
100356,home_axe_yard,john_crews_house,1659/60,2,6,walk,,
100357,john_crews_house,palace_yard_westminster,1659/60,2,6,walk,John Andrews,"""So back to Westminster and walked with him thither"""
100358,palace_yard_westminster,westminster_hall,1659/60,2,6,walk,John Andrews,"""At the Hall we parted"""
100359,westminster_hall,swan_inn,1659/60,2,6,walk,William Swan,
100360,swan_inn,westminster_hall,1659/60,2,6,walk,,
100361,westminster_hall,home_axe_yard,1659/60,2,6,walk,,
100362,home_axe_yard,bull_head_tavern,1659/60,2,6,walk,John Pepys,
100363,bull_head_tavern,sandwich_lodgings,1659/60,2,6,walk,,"""I to Mrs. Ann"""
100364,sandwich_lodgings,wills_alehouse,1659/60,2,6,walk,,
100365,wills_alehouse,home_axe_yard,1659/60,2,6,walk,,
100366,home_axe_yard,office_exchequer,1659/60,2,7,walk,,"""to give Mr. Hawly notice of my being forced to go into London"""
100367,office_exchequer,the_temple,1659/60,2,7,walk,John Hawly,"""he and I walked as far as the Temple"""
100368,the_temple,st_pauls_school,1659/60,2,7,walk,,
100369,st_pauls_school,thomas_pepys_shop,1659/60,2,7,walk,,"""it being too soon, went and drank my morning draft with my cozen Tom Pepys the turner, and saw his house and shop"""
100370,thomas_pepys_shop,st_pauls_school,1659/60,2,7,walk,,"""thence to school"""
100371,st_pauls_school,home_axe_yard,1659/60,2,7,walk,,"""I went straight home and dined"""
100372,home_axe_yard,new_palace_yard_westminster,1659/60,2,7,walk,,
100373,new_palace_yard_westminster,john_stone_office,1659/60,2,7,walk,,
100374,john_stone_office,temple_gardens,1659/60,2,7,coach,Captain John Stone,
100375,temple_gardens,home_axe_yard,1659/60,2,7,walk,,"""Thence back on foot home"""
100376,home_axe_yard,john_crews_house,1659/60,2,7,walk,,
100377,john_crews_house,sandwich_lodgings,1659/60,2,7,walk,,"""calling upon Mrs. Ann"""
100378,sandwich_lodgings,home_axe_yard,1659/60,2,7,walk,,
100379,home_axe_yard,swan_inn,1659/60,2,8,walk,Thomas Fossan,"""the Swan in the Palace yard"""
100380,swan_inn,office_exchequer,1659/60,2,8,walk,,
100381,office_exchequer,swan_inn,1659/60,2,8,walk,Charles Carter; Captain Robert Lidcott,"""in the way I met with Captain Lidcott"""
100382,swan_inn,john_stone_office,1659/60,2,8,walk,,
100383,john_stone_office,swan_inn,1659/60,2,8,walk,,"""I returned to Mr. Carter"""
100384,swan_inn,wills_alehouse,1659/60,2,8,walk,Charles Carter; Mr Butler,
100385,wills_alehouse,priors_rhenish_wine_house,1659/60,2,8,walk,Charles Carter; Mr Butler; William Howell,"""a Rhenish wine house"" - taken to be Prior's, cf. 3 Feb"
100386,priors_rhenish_wine_house,william_wheeler_house,1659/60,2,8,walk,,"""in my way delivering a letter ... to Sir N. Wheeler"""
100387,william_wheeler_house,home_axe_yard,1659/60,2,8,walk,,
100388,home_axe_yard,sandwich_lodgings,1659/60,2,8,walk,,"""I called in my way upon Mrs. Jem"""
100389,sandwich_lodgings,the_temple,1659/60,2,8,walk,,
100390,the_temple,john_pepys_house,1659/60,2,8,walk,,
100391,john_pepys_house,fleet_street,1659/60,2,8,walk,,"""in Fleet Street, received a great jostle"""
100392,fleet_street,home_axe_yard,1659/60,2,8,walk,,
100393,home_axe_yard,westminster_hall,1659/60,2,9,walk,,
100394,westminster_hall,john_phelps_house,1659/60,2,9,walk,William Swan,
100395,john_phelps_house,westminster_hall,1659/60,2,9,walk,,
100396,westminster_hall,upper_bench_court,1659/60,2,9,walk,,
100397,upper_bench_court,office_exchequer,1659/60,2,9,walk,,"""I went to my office ... after I had been at the Upper Bench"""
100398,office_exchequer,sandwich_lodgings,1659/60,2,9,walk,,
100399,sandwich_lodgings,wright_house,1659/60,2,9,walk,,"""her Aunt Wright's, but she was gone, so I went thither"""
100400,wright_house,westminster_hall,1659/60,2,9,walk,,
100401,westminster_hall,james_pearse_house,1659/60,2,9,walk,James Pierce,"""Mr. Pierce the surgeon, who would needs take me home"""
100402,james_pearse_house,home_axe_yard,1659/60,2,9,walk,,
100403,home_axe_yard,westminster_hall,1659/60,2,9,walk,,
100404,westminster_hall,stephens_chamber_temple,1659/60,2,9,boat,William Swan,"""by water to the Temple to our Counsel"""
100405,stephens_chamber_temple,westminster_hall,1659/60,2,9,walk,,
100406,westminster_hall,sugar_loaf_tavern,1659/60,2,9,walk,William Swan,"""a drinking-house near Temple Bar"" - named the Sugar Loaf on 10 Feb"
100407,sugar_loaf_tavern,harpers_tavern,1659/60,2,9,coach,,"""so by coach home. I called at Mr. Harper's"""
100408,harpers_tavern,home_axe_yard,1659/60,2,9,walk,,
100409,home_axe_yard,william_swan_house,1659/60,2,10,walk,,
100410,william_swan_house,court_of_wards,1659/60,2,10,walk,William Swan,
100411,court_of_wards,exchequer_court,1659/60,2,10,walk,William Swan,
100412,exchequer_court,office_exchequer,1659/60,2,10,walk,,
100413,office_exchequer,swan_inn,1659/60,2,10,walk,John Leonard,
100414,swan_inn,home_axe_yard,1659/60,2,10,walk,,
100415,home_axe_yard,exchequer_court,1659/60,2,10,walk,,
100416,exchequer_court,home_axe_yard,1659/60,2,10,walk,,
100417,home_axe_yard,valentine_fage_house,1659/60,2,10,walk,Henry Moore,"""with him went into London to Mr. Fage"""
100418,valentine_fage_house,sugar_loaf_tavern,1659/60,2,10,walk,Henry Moore,
100419,sugar_loaf_tavern,home_axe_yard,1659/60,2,10,walk,,
100420,home_axe_yard,office_exchequer,1659/60,2,11,walk,,
100421,office_exchequer,westminster_hall,1659/60,2,11,walk,,
100422,westminster_hall,commons_lobby,1659/60,2,11,walk,,
100423,commons_lobby,westminster_hall,1659/60,2,11,walk,,"""I went then down into the Hall"""
100424,westminster_hall,cookshop_unknown_2,1659/60,2,11,walk,James Chetwind,"""calling at two or three shops, but could have no dinner"""
100425,cookshop_unknown_2,rolls_office_chancery,1659/60,2,11,walk,James Chetwind,
100426,rolls_office_chancery,james_chetwind_office,1659/60,2,11,walk,James Chetwind,
100427,james_chetwind_office,guildhall,1659/60,2,11,coach,James Chetwind,
100428,guildhall,three_tuns_tavern,1659/60,2,11,walk,James Chetwind; friend of Mr Chetwind,
100429,three_tuns_tavern,alehouse_unknown_5,1659/60,2,11,walk,James Chetwind; friend of Mr Chetwind,"""not liking the wine we went to an alehouse"""
100430,alehouse_unknown_5,guildhall,1659/60,2,11,walk,,"""I went alone"""
100431,guildhall,alehouse_unknown_5,1659/60,2,11,walk,Matthew Lock,"""took him to an alehouse"" - taken to be the same alehouse"
100432,alehouse_unknown_5,james_chetwind_office,1659/60,2,11,walk,,
100433,james_chetwind_office,alehouse_unknown_5,1659/60,2,11,walk,James Chetwind,
100434,alehouse_unknown_5,merchant_house_unknown_1,1659/60,2,11,walk,Matthew Lock; James Chetwind,"""a merchant's house hard by"""
100435,merchant_house_unknown_1,star_tavern,1659/60,2,11,walk,James Chetwind,
100436,star_tavern,chequers_inn,1659/60,2,11,walk,James Chetwind,"""we came to the Chequers at Charing Cross"""
100437,chequers_inn,home_axe_yard,1659/60,2,11,walk,,
100438,home_axe_yard,new_exchange,1659/60,2,11,walk,Elizabeth Pepys,"""after walking as far as the Exchange"" - read as the New Exchange in the Strand, not the Royal Exchange in the City, on the walking distance from Axe Yard; network4 reads it the same way. FLAG"
100439,new_exchange,home_axe_yard,1659/60,2,11,walk,Elizabeth Pepys,
100440,home_axe_yard,whitehall_palace,1659/60,2,12,walk,James Pierce,
100441,whitehall_palace,home_axe_yard,1659/60,2,12,walk,,
100442,home_axe_yard,st_james_park,1659/60,2,12,walk,Thomas Pepys; partner of Thomas Pepys,"""before dinner we went and took a walk round the park"""
100443,st_james_park,home_axe_yard,1659/60,2,12,walk,Thomas Pepys; partner of Thomas Pepys,
100444,home_axe_yard,moorfields,1659/60,2,12,walk,Thomas Pepys; partner of Thomas Pepys,"""we three went into London together"""
100445,moorfields,st_pauls_churchyard,1659/60,2,12,walk,,"""Here I took leave of them, and so to Paul's"""
100446,st_pauls_churchyard,turner_house,1659/60,2,12,walk,,
100447,turner_house,john_pepys_house,1659/60,2,12,walk,Elizabeth Pepys,
100448,john_pepys_house,home_axe_yard,1659/60,2,12,walk,Elizabeth Pepys,
100449,home_axe_yard,office_exchequer,1659/60,2,13,walk,,
100450,office_exchequer,home_axe_yard,1659/60,2,13,walk,,
100451,home_axe_yard,sandwich_lodgings,1659/60,2,13,walk,,"""in the way met with Catan on foot in the street"" - no node, met in passing"
100452,sandwich_lodgings,home_axe_yard,1659/60,2,13,walk,,
100454,home_axe_yard,john_playford_shop,1659/60,2,13,walk,Elizabeth Pepys,
100455,john_playford_shop,john_pepys_house,1659/60,2,13,walk,Elizabeth Pepys,
100456,john_pepys_house,richard_cumberland_lodgings,1659/60,2,13,walk,,
100457,richard_cumberland_lodgings,john_pepys_house,1659/60,2,13,walk,,"""I returned"""
100458,john_pepys_house,valentine_fage_house,1659/60,2,13,walk,,"""I went to Mr. Fage from my father's"" - stated at the end of the entry, placed here on the sequence it describes"
100459,valentine_fage_house,john_pepys_house,1659/60,2,13,walk,,
100460,john_pepys_house,home_axe_yard,1659/60,2,13,walk,Elizabeth Pepys,
100461,home_axe_yard,westminster_hall,1659/60,2,14,walk,Henry Moore,
100462,westminster_hall,swan_inn,1659/60,2,14,walk,Henry Moore,
100463,swan_inn,office_exchequer,1659/60,2,14,walk,,
100464,office_exchequer,wills_alehouse,1659/60,2,14,walk,Mr Hill,"Mr Hill of Worcestershire, presumably a client of Pepys"
100465,wills_alehouse,home_axe_yard,1659/60,2,14,walk,,
100466,home_axe_yard,john_crews_house,1659/60,2,14,walk,,
100467,john_crews_house,sandwich_lodgings,1659/60,2,14,walk,,
100468,sandwich_lodgings,home_axe_yard,1659/60,2,14,walk,,
100469,home_axe_yard,westminster_hall,1659/60,2,14,walk,,
100470,westminster_hall,wills_alehouse,1659/60,2,14,walk,,
100471,wills_alehouse,home_axe_yard,1659/60,2,14,walk,,
100472,home_axe_yard,harpers_tavern,1659/60,2,15,walk,Captain Philip Holland; Captain Roger Cuttance,
100473,harpers_tavern,office_exchequer,1659/60,2,15,walk,,
100474,office_exchequer,wills_alehouse,1659/60,2,15,walk,Mr Hill,
100475,wills_alehouse,john_crews_house,1659/60,2,15,walk,,
100476,john_crews_house,michael_hering_house,1659/60,2,15,walk,,
100477,michael_hering_house,st_pauls_churchyard,1659/60,2,15,walk,,
100478,st_pauls_churchyard,john_pepys_house,1659/60,2,15,walk,,
100479,john_pepys_house,wright_house,1659/60,2,15,walk,,"""my Lady Wright's"""
100480,wright_house,sandwich_lodgings,1659/60,2,15,walk,,
100481,sandwich_lodgings,home_axe_yard,1659/60,2,15,walk,,
